latitude,longitude,libelle,type
48.00540,0.36787,Radar fixe (1ère génération 2003),1
49.15470,0.72224,Radar fixe (2ème génération 2005),1
49.17490,-0.31145,Radar fixe (1ère génération 2003),1
49.22970,-0.56996,Radar fixe (1ère génération 2003),1
49.92351,2.32856,Radar fixe (2ème génération 2005),1
50.41850,2.41422,Radar fixe (1ère génération 2003),1
48.89650,2.30960,Radar fixe (1ère génération 2003),1
48.89016,2.39615,Radar fixe (1ère génération 2003),1
48.82354,2.31000,Radar fixe (1ère génération 2003),1
48.85430,2.25435,Radar fixe (2ème génération 2005),1
48.88573,2.28800,Radar fixe (2ème génération 2005),1
48.82199,2.37964,Radar fixe (1ère génération 2003),1
48.87911,2.34745,Radar fixe (3ème génération 2007),1
48.83682,2.37801,Radar fixe (2ème génération 2005),1
48.67010,2.27970,Radar fixe (2ème génération 2005),1
48.63209,2.40653,Radar fixe (1ère génération 2003),1
48.70775,2.19007,Radar fixe (1ère génération 2003),1
48.81474,2.06097,Radar fixe (1ère génération 2003),1
48.83310,2.08530,Radar fixe (1ère génération 2003),1
48.92982,2.36341,Radar fixe (1ère génération 2003),1
48.77409,2.40787,Radar fixe (2ème génération 2005),1
48.81848,2.45686,Radar fixe (1ère génération 2003),1
48.76256,2.41891,Radar fixe (1ère génération 2003),1
48.88740,2.25171,Radar fixe (1ère génération 2003),1
48.88680,2.24101,Radar fixe (1ère génération 2003),1
48.88350,2.26446,Radar fixe (1ère génération 2003),1
49.01580,2.14470,Radar fixe (2ème génération 2005),1
48.97710,2.23328,Radar fixe (1ère génération 2003),1
48.93387,2.24130,Radar fixe (2ème génération 2005),1
48.82899,2.47948,Radar fixe (2ème génération 2005),1
48.77026,1.98503,Radar fixe (1ère génération 2003),1
49.45190,2.09981,Radar fixe (2ème génération 2005),1
49.45178,1.14530,Radar fixe (1ère génération 2003),1
49.04783,2.33191,Radar fixe (1ère génération 2003),1
49.01940,1.61093,Radar fixe (3ème génération 2007),1
48.11620,0.34992,Radar fixe (1ère génération 2003),1
48.02070,0.09580,Radar fixe (2ème génération 2005),1
48.99572,1.93147,Radar fixe (2ème génération 2005),1
49.36058,1.76887,Radar fixe (2ème génération 2005),1
49.45881,1.78163,Radar fixe (3ème génération 2007),1
49.37771,2.48153,Radar fixe (2ème génération 2005),1
48.67355,2.34313,Radar fixe (2ème génération 2005),1
48.71963,2.37064,Radar fixe (2ème génération 2005),1
48.54370,1.54610,Radar fixe (1ère génération 2003),1
48.12610,2.19434,Radar fixe (1ère génération 2003),1
47.94100,1.88816,Radar fixe (2ème génération 2005),1
48.20570,2.23879,Radar fixe (3ème génération 2007),1
49.01955,2.09792,Radar fixe (2ème génération 2005),1
48.86770,2.13572,Radar fixe (3ème génération 2007),1
48.97287,2.09028,Radar fixe (2ème génération 2005),1
48.90560,2.07401,Radar fixe (2ème génération 2005),1
49.05952,2.28238,Radar fixe (2ème génération 2005),1
50.15243,1.81944,Radar fixe (1ère génération 2003),1
47.99680,0.17237,Radar fixe (2ème génération 2005),1
48.16803,-0.09804,Radar fixe (2ème génération 2005),1
48.39574,2.17306,Radar fixe (1ère génération 2003),1
48.74919,-0.01793,Radar fixe (2ème génération 2005),1
48.81626,0.31479,Radar fixe (2ème génération 2005),1
48.72953,-0.43117,Radar fixe (2ème génération 2005),1
47.96516,-0.70656,Radar fixe (2ème génération 2005),1
48.93971,2.38790,Radar fixe (2ème génération 2005),1
49.17700,1.27169,Radar fixe (2ème génération 2005),1
49.49832,0.15553,Radar fixe (2ème génération 2005),1
49.06420,1.03095,Radar fixe (2ème génération 2005),1
48.68150,0.80241,Radar fixe (2ème génération 2005),1
49.98768,2.11343,Radar fixe (2ème génération 2005),1
49.18960,-0.33302,Radar fixe (2ème génération 2005),1
49.35320,0.61249,Radar fixe (3ème génération 2007),1
48.90653,2.29065,Radar fixe (2ème génération 2005),1
49.22760,-0.56311,Radar fixe (2ème génération 2005),1
48.86813,2.22475,Radar fixe (2ème génération 2005),1
49.58545,0.73196,Radar fixe (2ème génération 2005),1
48.89171,2.23885,Radar fixe (2ème génération 2005),1
48.64500,1.28455,Radar fixe (2ème génération 2005),1
48.24590,1.21120,Radar fixe (2ème génération 2005),1
48.13330,1.34022,Radar fixe (2ème génération 2005),1
49.41680,1.04682,Radar fixe (2ème génération 2005),1
49.47274,1.02779,Radar fixe (2ème génération 2005),1
49.44540,1.20046,Radar fixe (2ème génération 2005),1
49.91878,1.10531,Radar fixe (2ème génération 2005),1
49.49237,1.68874,Radar fixe (2ème génération 2005),1
49.75062,1.42623,Radar fixe (2ème génération 2005),1
48.86084,2.41392,Radar fixe (2ème génération 2005),1
48.83241,2.28060,Radar fixe (2ème génération 2005),1
50.38630,1.87283,Radar fixe (2ème génération 2005),1
50.80390,2.10565,Radar fixe (2ème génération 2005),1
50.50336,1.76618,Radar fixe (2ème génération 2005),1
50.86390,1.74028,Radar fixe (2ème génération 2005),1
48.47450,1.18334,Radar fixe (2ème génération 2005),1
49.01190,1.31611,Radar fixe (3ème génération 2007),1
48.75140,1.45129,Radar fixe (2ème génération 2005),1
48.91852,2.42869,Radar fixe (2ème génération 2005),1
49.33508,2.19778,Radar fixe (2ème génération 2005),1
48.78600,1.62579,Radar fixe (2ème génération 2005),1
49.00200,2.38510,Radar fixe (2ème génération 2005),1
48.79070,2.45020,Radar fixe (2ème génération 2005),1
50.06861,2.32339,Radar fixe (2ème génération 2005),1
48.80730,-0.56240,Radar fixe (2ème génération 2005),1
49.42835,1.05612,Radar fixe (2ème génération 2005),1
48.50710,1.46350,Radar fixe (2ème génération 2005),1
48.74930,2.21041,Radar fixe (2ème génération 2005),1
48.46024,-0.19695,Radar fixe (2ème génération 2005),1
48.98980,1.84620,Radar fixe (2ème génération 2005),1
49.33520,1.38530,Radar fixe (3ème génération 2007),1
49.29660,1.12127,Radar fixe (2ème génération 2005),1
48.81870,2.45700,Radar fixe (2ème génération 2005),1
48.95810,-0.22635,Radar fixe (2ème génération 2005),1
48.96820,1.74360,Radar fixe (2ème génération 2005),1
48.83780,2.22390,Radar fixe (2ème génération 2005),1
48.82610,2.15151,Radar fixe (2ème génération 2005),1
49.78055,1.74450,Radar fixe (2ème génération 2005),1
49.57443,2.20199,Radar fixe (2ème génération 2005),1
50.93427,1.88295,Radar fixe (2ème génération 2005),1
49.16320,0.70901,Radar fixe (2ème génération 2005),1
51.01510,2.39035,Radar fixe (2ème génération 2005),1
49.48920,2.14975,Radar fixe (3ème génération 2007),1
49.19710,-0.32914,Radar fixe (2ème génération 2005),1
49.08610,1.18825,Radar fixe (2ème génération 2005),1
49.25980,-0.38276,Radar fixe (2ème génération 2005),1
49.22400,0.94720,Radar fixe (2ème génération 2005),1
47.93460,1.76189,Radar fixe (2ème génération 2005),1
48.74630,0.99058,Radar fixe (2ème génération 2005),1
48.19220,0.83120,Radar fixe (2ème génération 2005),1
48.87820,2.44623,Radar fixe (2ème génération 2005),1
49.14040,0.65258,Radar fixe (2ème génération 2005),1
48.74340,0.85442,Radar fixe (2ème génération 2005),1
49.03300,2.34620,Radar fixe (3ème génération 2007),1
48.86463,2.30497,Radar fixe (2ème génération 2005),1
48.80901,2.33952,Radar fixe (2ème génération 2005),1
49.20940,0.76887,Radar fixe (2ème génération 2005),1
48.40750,0.18190,Radar fixe (2ème génération 2005),1
48.98640,2.37806,Radar fixe (3ème génération 2007),1
48.39230,1.56680,Radar fixe (3ème génération 2007),1
48.93020,1.11217,Radar fixe (3ème génération 2007),1
48.70370,2.44358,Radar fixe (3ème génération 2007),1
48.89010,2.25640,Radar fixe (3ème génération 2007),1
48.00950,0.17147,Radar fixe (3ème génération 2007),1
48.57201,0.16915,Radar fixe (3ème génération 2007),1
48.53673,2.20930,Radar fixe (3ème génération 2007),1
49.20427,1.86549,Radar fixe (3ème génération 2007),1
48.62697,0.12973,Radar fixe (3ème génération 2007),1
48.69900,0.33088,Radar fixe (3ème génération 2007),1
50.39080,2.22765,Radar fixe (3ème génération 2007),1
49.21629,2.23207,Radar fixe (3ème génération 2007),1
47.92952,0.75281,Radar fixe (3ème génération 2007),1
49.98462,1.68310,Radar fixe (3ème génération 2007),1
48.77980,2.18979,Radar fixe (3ème génération 2007),1
49.56035,0.47673,Radar fixe (3ème génération 2007),1
50.07509,1.60008,Radar fixe (3ème génération 2007),1
48.59221,2.24040,Radar fixe (3ème génération 2007),1
48.73678,2.30170,Radar fixe (3ème génération 2007),1
48.58099,-0.40838,Radar fixe (3ème génération 2007),1
48.19220,0.83120,Radar fixe (3ème génération 2007),1
48.99330,1.19361,Radar fixe (3ème génération 2007),1
48.46094,1.89229,Radar fixe (3ème génération 2007),1
48.05164,-0.46369,Radar fixe (3ème génération 2007),1
48.42501,-0.30242,Radar fixe (3ème génération 2007),1
48.77380,2.43932,Radar fixe (3ème génération 2007),1
48.26520,1.85257,Radar fixe (3ème génération 2007),1
48.25090,1.96278,Radar fixe (3ème génération 2007),1
48.26560,1.85308,Radar fixe (3ème génération 2007),1
48.05812,0.23451,Radar fixe (3ème génération 2007),1
48.85381,2.35650,Radar fixe (3ème génération 2007),1
48.97840,1.71979,Radar fixe (3ème génération 2007),1
48.63573,2.14747,Radar fixe (3ème génération 2007),1
50.00071,1.53637,Radar fixe (3ème génération 2007),1
48.63990,2.15363,Radar fixe (3ème génération 2007),1
48.44338,1.95733,Radar fixe (3ème génération 2007),1
47.95920,0.17822,Radar fixe (3ème génération 2007),1
48.71740,2.29212,Radar fixe (3ème génération 2007),1
48.82580,2.20225,Radar fixe (3ème génération 2007),1
48.81550,2.22427,Radar fixe (3ème génération 2007),1
49.51558,0.99572,Radar fixe (3ème génération 2007),1
49.01150,1.32861,Radar fixe (3ème génération 2007),1
49.22062,1.64526,Radar fixe (3ème génération 2007),1
48.64470,2.19457,Radar fixe (3ème génération 2007),1
48.85276,2.35878,Radar fixe (3ème génération 2007),1
48.94449,2.06165,Radar fixe (3ème génération 2007),1
49.60320,2.32091,Radar fixe (3ème génération 2007),1
48.34065,0.75917,Radar fixe (3ème génération 2007),1
48.68977,0.66922,Radar fixe (3ème génération 2007),1
48.56303,-0.71274,Radar fixe (3ème génération 2007),1
48.88666,2.09830,Radar fixe (3ème génération 2007),1
48.79025,2.07036,Radar fixe (3ème génération 2007),1
50.25410,1.66122,Radar fixe (3ème génération 2007),1
48.46350,2.18015,Radar fixe (3ème génération 2007),1
48.74560,1.28213,Radar fixe (3ème génération 2007),1
48.74560,1.28220,Radar fixe (3ème génération 2007),1
48.88490,2.47201,Radar fixe (3ème génération 2007),1
48.56700,2.47312,Radar fixe (3ème génération 2007),1
49.23920,-0.18887,Radar fixe (3ème génération 2007),1
47.97880,0.20526,Radar fixe (3ème génération 2007),1
49.17690,-0.51500,Radar fixe (3ème génération 2007),1
49.78746,1.48948,Radar fixe (3ème génération 2007),1
49.06073,2.08447,Radar fixe (3ème génération 2007),1
50.99882,2.28902,Radar fixe (3ème génération 2007),1
48.88640,-0.23839,Radar fixe (3ème génération 2007),1
49.31460,0.13917,Radar fixe (3ème génération 2007),1
48.03263,-0.70341,Radar fixe (3ème génération 2007),1
48.77282,2.34570,Radar fixe (3ème génération 2007),1
49.16908,1.75876,Radar fixe (3ème génération 2007),1
48.42514,2.14405,Radar fixe (3ème génération 2007),1
49.45799,2.21294,Radar fixe (3ème génération 2007),1
49.08850,2.41560,Radar fixe (3ème génération 2007),1
48.26246,-0.63429,Radar fixe (3ème génération 2007),1
48.82580,1.01139,Radar fixe (3ème génération 2007),1
48.72500,1.88944,Radar fixe (3ème génération 2007),1
49.39050,0.51420,Radar fixe (3ème génération 2007),1
48.82098,2.35906,Radar fixe (3ème génération 2007),1
48.89030,-0.49262,Radar fixe (3ème génération 2007),1
48.83441,2.11205,Radar fixe (3ème génération 2007),1
48.14284,1.84819,Radar fixe (3ème génération 2007),1
48.37224,1.59812,Radar fixe (3ème génération 2007),1
48.78120,2.01933,Radar fixe (3ème génération 2007),1
48.79806,0.00732,Radar fixe (3ème génération 2007),1
48.07040,0.53171,Radar fixe (3ème génération 2007),1
48.56122,0.17608,Radar fixe (3ème génération 2007),1
48.13697,1.61709,Radar fixe (3ème génération 2007),1
48.20265,1.39608,Radar fixe (3ème génération 2007),1
48.53384,0.16235,Radar fixe (3ème génération 2007),1
49.85750,2.41500,Radar fixe (3ème génération 2007),1
48.80782,2.25882,Radar fixe (3ème génération 2007),1
48.49740,1.70422,Radar fixe (3ème génération 2007),1
49.33642,0.91984,Radar fixe (3ème génération 2007),1
49.38550,1.24987,Radar fixe (3ème génération 2007),1
49.35211,1.08069,Radar fixe (3ème génération 2007),1
49.05017,2.14311,Radar fixe (3ème génération 2007),1
48.80280,2.44789,Radar fixe (3ème génération 2007),1
48.72270,2.44381,Radar fixe (3ème génération 2007),1
48.84569,2.42665,Radar fixe (3ème génération 2007),1
47.99831,1.85244,Radar fixe (3ème génération 2007),1
48.04410,1.87417,Radar fixe (3ème génération 2007),1
47.93427,1.93101,Radar discriminant poids-lourds (2011),3
48.71340,2.30837,Radar fixe (3ème génération 2007),1
48.02176,0.02071,Radar fixe (3ème génération 2007),1
48.37415,0.08883,Radar fixe (3ème génération 2007),1
48.64806,2.41826,Radar fixe (3ème génération 2007),1
49.09725,0.63609,Radar fixe (3ème génération 2007),1
49.22730,0.75579,Radar fixe (3ème génération 2007),1
48.44984,0.54714,Radar fixe (3ème génération 2007),1
49.03570,-0.64538,Radar fixe (3ème génération 2007),1
48.81470,2.06096,Radar fixe (3ème génération 2007),1
49.10471,0.92832,Radar fixe (3ème génération 2007),1
48.92450,2.05297,Radar fixe (3ème génération 2007),1
48.94257,2.12393,Radar fixe (3ème génération 2007),1
48.77982,2.18976,Radar fixe (3ème génération 2007),1
50.73220,1.71500,Radar fixe (3ème génération 2007),1
48.81295,2.42747,Radar fixe (3ème génération 2007),1
48.86016,2.33299,Radar Feu Rouge (2009),2
48.85679,2.34873,Radar Feu Rouge (2009),2
48.81115,2.33760,Radar fixe (3ème génération 2007),1
48.76264,2.16817,Radar fixe (3ème génération 2007),1
49.17675,2.22620,Radar fixe (3ème génération 2007),1
48.87530,2.23838,Radar fixe (3ème génération 2007),1
50.73747,1.87422,Radar fixe (3ème génération 2007),1
48.88646,2.21015,Radar fixe (3ème génération 2007),1
48.14889,-0.30204,Radar fixe (3ème génération 2007),1
50.55205,1.61739,Radar fixe (3ème génération 2007),1
50.29640,2.29007,Radar fixe (3ème génération 2007),1
49.63277,0.81157,Radar fixe (3ème génération 2007),1
48.90480,2.39289,Radar fixe (3ème génération 2007),1
48.93546,2.40277,Radar fixe (3ème génération 2007),1
48.95050,2.44942,Radar fixe (3ème génération 2007),1
48.12201,-0.45975,Radar fixe (3ème génération 2007),1
48.47255,-0.17538,Radar fixe (3ème génération 2007),1
48.64277,1.85884,Radar fixe (3ème génération 2007),1
48.93333,2.37730,Radar fixe (3ème génération 2007),1
48.89343,2.13716,Radar Feu Rouge (2009),2
49.63354,0.81333,Radar fixe (3ème génération 2007),1
47.92779,1.84141,Radar Feu Rouge (2009),2
48.89281,2.14091,Radar Feu Rouge (2009),2
48.89720,2.11759,Radar Feu Rouge (2009),2
49.26770,2.45644,Radar fixe (3ème génération 2007),1
49.19912,2.28199,Radar fixe (3ème génération 2007),1
49.41830,1.94308,Radar fixe (3ème génération 2007),1
49.36750,2.24648,Radar fixe (3ème génération 2007),1
49.33582,2.09656,Radar fixe (3ème génération 2007),1
49.58704,2.13660,Radar fixe (3ème génération 2007),1
49.30552,2.45317,Radar fixe (3ème génération 2007),1
48.90269,2.13706,Radar Feu Rouge (2009),2
49.16920,1.29244,Radar fixe (3ème génération 2007),1
48.67720,-0.51976,Radar fixe (3ème génération 2007),1
48.86680,2.15933,Radar fixe (3ème génération 2007),1
48.88705,2.10038,Radar fixe (3ème génération 2007),1
48.85599,2.15602,Radar fixe (3ème génération 2007),1
48.92544,2.39442,Radar fixe (3ème génération 2007),1
48.00854,0.18077,Radar Feu Rouge (2009),2
48.81748,2.12271,Radar fixe (3ème génération 2007),1
49.90505,1.07679,Radar Feu Rouge (2009),2
49.28821,2.20134,Radar Feu Rouge (2009),2
49.14390,0.34572,Radar fixe (3ème génération 2007),1
47.96983,0.21040,Radar Feu Rouge (2009),2
49.07081,2.24601,Radar fixe (3ème génération 2007),1
47.97503,0.22467,Radar Feu Rouge (2009),2
49.08571,2.31256,Radar Feu Rouge (2009),2
49.07181,2.32449,Radar Feu Rouge (2009),2
49.01357,2.08999,Radar Feu Rouge (2009),2
48.84647,2.14796,Radar fixe (3ème génération 2007),1
48.85599,2.15602,Radar fixe (3ème génération 2007),1
48.84647,2.14796,Radar fixe (3ème génération 2007),1
48.99448,2.19421,Radar Feu Rouge (2009),2
48.99137,2.36026,Radar Feu Rouge (2009),2
48.99181,2.36023,Radar Feu Rouge (2009),2
48.99407,2.19511,Radar Feu Rouge (2009),2
49.02271,2.38657,Radar Feu Rouge (2009),2
49.02338,2.38647,Radar Feu Rouge (2009),2
49.43476,2.08963,Radar Feu Rouge (2009),2
48.79846,2.41997,Radar Feu Rouge (2009),2
48.95620,2.27977,Radar Feu Rouge (2009),2
48.95644,2.28128,Radar Feu Rouge (2009),2
48.95387,2.25452,Radar Feu Rouge (2009),2
48.95431,2.25464,Radar Feu Rouge (2009),2
48.80608,2.47143,Radar Feu Rouge (2009),2
48.86403,2.37064,Radar Feu Rouge (2009),2
48.83728,2.29638,Radar Feu Rouge (2009),2
48.93839,2.41440,Radar fixe (3ème génération 2007),1
48.90218,2.41430,Radar Feu Rouge (2009),2
48.91962,2.45181,Radar Feu Rouge (2009),2
48.88361,2.47484,Radar Feu Rouge (2009),2
49.19296,2.46507,Radar Feu Rouge (2009),2
49.53331,0.35633,Radar Feu Rouge (2009),2
49.38972,1.19902,Radar Feu Rouge (2009),2
49.52280,0.10448,Radar Feu Rouge (2009),2
48.99088,2.18188,Radar Feu Rouge (2009),2
49.20741,1.18473,Radar Feu Rouge (2009),2
49.42238,1.71705,Radar Feu Rouge (2009),2
49.45288,1.05633,Radar Feu Rouge (2009),2
49.43651,1.13432,Radar Feu Rouge (2009),2
49.42566,1.08257,Radar Feu Rouge (2009),2
49.43527,1.07700,Radar Feu Rouge (2009),2
49.01923,1.11878,Radar Feu Rouge (2009),2
49.01667,1.16075,Radar Feu Rouge (2009),2
48.99120,2.18200,Radar Feu Rouge (2009),2
49.01185,2.15093,Radar fixe (3ème génération 2007),1
48.74480,0.26759,Radar fixe (3ème génération 2007),1
48.67834,2.17491,Radar Feu Rouge (2009),2
48.98410,2.36197,Radar fixe (3ème génération 2007),1
47.96916,0.21027,Radar Feu Rouge (2009),2
50.32080,1.75042,Radar fixe (3ème génération 2007),1
49.95880,1.99657,Radar fixe (3ème génération 2007),1
48.63453,2.34360,Radar Feu Rouge (2009),2
48.63461,2.34417,Radar Feu Rouge (2009),2
49.18180,0.22726,Radar fixe (3ème génération 2007),1
51.04315,2.38317,Radar Feu Rouge (2009),2
51.04792,2.41649,Radar Feu Rouge (2009),2
51.02400,2.34760,Radar Feu Rouge (2009),2
51.02251,2.30473,Radar Feu Rouge (2009),2
48.49480,1.69502,Radar fixe (3ème génération 2007),1
48.63474,2.26617,Radar Feu Rouge (2009),2
48.67903,2.17454,Radar Feu Rouge (2009),2
48.63542,2.26617,Radar Feu Rouge (2009),2
48.00904,0.18094,Radar Feu Rouge (2009),2
48.81802,2.32536,Radar Feu Rouge (2009),2
51.04827,2.41661,Radar Feu Rouge (2009),2
48.84914,2.21394,Radar Feu Rouge (2009),2
48.84962,2.21357,Radar Feu Rouge (2009),2
48.90079,2.30813,Radar Feu Rouge (2009),2
48.88801,2.12709,Radar Feu Rouge (2009),2
48.78555,0.66411,Radar fixe (3ème génération 2007),1
48.58700,-0.29169,Radar fixe (3ème génération 2007),1
48.69552,2.29870,Radar Feu Rouge (2009),2
48.99148,2.20103,Radar fixe (3ème génération 2007),1
48.88533,2.25108,Radar Feu Rouge (2009),2
48.75853,1.24436,Radar Feu Rouge (2009),2
49.25710,0.07910,Radar fixe (3ème génération 2007),1
50.15922,1.73644,Radar fixe (3ème génération 2007),1
51.04386,2.38344,Radar Feu Rouge (2009),2
51.04353,2.38272,Radar Feu Rouge (2009),2
51.04810,2.41705,Radar Feu Rouge (2009),2
51.02217,2.30413,Radar Feu Rouge (2009),2
51.02251,2.30429,Radar Feu Rouge (2009),2
49.90353,2.28710,Radar Feu Rouge (2009),2
51.02204,2.30446,Radar Feu Rouge (2009),2
49.87524,2.32963,Radar Feu Rouge (2009),2
49.91494,2.29459,Radar Feu Rouge (2009),2
49.88615,2.30361,Radar Feu Rouge (2009),2
48.74830,1.92480,Radar Feu Rouge (2009),2
48.54150,-0.49329,Radar fixe (2ème génération 2005),1
49.13802,2.25383,Radar fixe (3ème génération 2007),1
48.61715,2.45606,Radar fixe (3ème génération 2007),1
49.04345,2.01824,Radar Feu Rouge (2009),2
49.04265,2.01783,Radar Feu Rouge (2009),2
48.48547,1.46697,Radar fixe (3ème génération 2007),1
48.24100,-0.04168,Radar fixe (3ème génération 2007),1
48.17010,0.57904,Radar fixe (3ème génération 2007),1
49.16921,2.23812,Radar Feu Rouge (2009),2
49.16918,2.23895,Radar Feu Rouge (2009),2
48.78195,2.25320,Radar Feu Rouge (2009),2
48.78244,2.25317,Radar Feu Rouge (2009),2
49.01605,2.07397,Radar Feu Rouge (2009),2
49.01533,2.07462,Radar Feu Rouge (2009),2
50.94623,1.88936,Radar Feu Rouge (2009),2
49.77950,2.25358,Radar fixe (3ème génération 2007),1
50.97030,2.39554,Radar fixe (3ème génération 2007),1
48.93888,2.03542,Radar Feu Rouge (2009),2
48.93855,2.03621,Radar Feu Rouge (2009),2
48.89770,2.33264,Radar fixe (3ème génération 2007),1
48.79610,2.32125,Radar Feu Rouge (2009),2
48.79621,2.32232,Radar Feu Rouge (2009),2
48.69030,-0.57438,Radar fixe (3ème génération 2007),1
49.00290,-0.04904,Radar fixe (3ème génération 2007),1
48.48521,2.19448,Radar fixe (3ème génération 2007),1
48.05170,1.42992,Radar fixe (3ème génération 2007),1
48.68795,2.39349,Radar fixe (3ème génération 2007),1
49.21520,2.41476,Radar Feu Rouge (2009),2
49.16915,2.24470,Radar Feu Rouge (2009),2
49.16902,2.24487,Radar Feu Rouge (2009),2
49.01354,2.02745,Radar Feu Rouge (2009),2
48.85549,2.10733,Radar Feu Rouge (2009),2
48.73595,2.44676,Radar Feu Rouge (2009),2
48.73513,2.44688,Radar Feu Rouge (2009),2
48.99036,1.71057,Radar Feu Rouge (2009),2
48.80519,2.13509,Radar Feu Rouge (2009),2
48.80674,2.12495,Radar Feu Rouge (2009),2
47.92795,1.84109,Radar Feu Rouge (2009),2
49.03989,2.11544,Radar Feu Rouge (2009),2
48.75218,2.20561,Radar Feu Rouge (2009),2
48.75213,2.20578,Radar Feu Rouge (2009),2
49.19170,-0.43282,Radar fixe (3ème génération 2007),1
48.40209,1.38874,Radar fixe (3ème génération 2007),1
49.04324,2.07129,Radar Feu Rouge (2009),2
49.03184,2.07449,Radar Feu Rouge (2009),2
49.05479,2.01535,Radar Feu Rouge (2009),2
49.05555,2.01576,Radar Feu Rouge (2009),2
49.04790,2.00815,Radar Feu Rouge (2009),2
49.01056,2.02920,Radar Feu Rouge (2009),2
49.04240,2.09046,Radar Feu Rouge (2009),2
49.02319,2.11059,Radar Feu Rouge (2009),2
49.03501,2.03055,Radar Feu Rouge (2009),2
49.90453,1.09291,Radar Feu Rouge (2009),2
48.78315,2.44692,Radar Feu Rouge (2009),2
49.90221,1.11764,Radar Feu Rouge (2009),2
48.76296,2.41851,Radar fixe (1ère génération 2003),1
48.78364,2.44701,Radar Feu Rouge (2009),2
49.88571,2.30372,Radar Feu Rouge (2009),2
47.97456,0.22547,Radar Feu Rouge (2009),2
47.96309,0.17689,Radar Feu Rouge (2009),2
47.96229,0.17723,Radar Feu Rouge (2009),2
49.87339,2.35051,Radar Feu Rouge (2009),2
49.25256,2.47668,Radar Feu Rouge (2009),2
48.84963,2.43456,Radar Feu Rouge (2009),2
49.91606,2.29402,Radar Feu Rouge (2009),2
49.90241,2.32298,Radar Feu Rouge (2009),2
49.44325,1.08491,Radar Feu Rouge (2009),2
48.80968,2.14830,Radar fixe (3ème génération 2007),1
48.80545,2.13688,Radar Feu Rouge (2009),2
48.80677,2.12499,Radar Feu Rouge (2009),2
48.70307,2.43020,Radar fixe (3ème génération 2007),1
49.09550,0.30373,Radar fixe (3ème génération 2007),1
49.48849,0.15043,Radar Feu Rouge (2009),2
49.28090,1.85151,Radar fixe (3ème génération 2007),1
48.99794,2.48226,Radar discriminant poids-lourds (2011),3
48.97719,2.47320,Radar discriminant poids-lourds (2011),3
48.96923,2.40504,Radar fixe (3ème génération 2007),1
48.85466,1.17910,Radar fixe (3ème génération 2007),1
48.86880,1.17668,Radar fixe (3ème génération 2007),1
48.82371,1.94090,Radar Feu Rouge (2009),2
48.82332,1.94041,Radar Feu Rouge (2009),2
50.75840,2.41950,Radar fixe (3ème génération 2007),1
50.75638,2.41687,Radar fixe (3ème génération 2007),1
49.48335,1.73489,Radar Feu Rouge (2009),2
49.75105,0.88114,Radar Feu Rouge (2009),2
48.77672,2.03738,Radar Feu Rouge (2009),2
49.25186,2.47721,Radar Feu Rouge (2009),2
49.26005,2.47504,Radar Feu Rouge (2009),2
49.25976,2.47510,Radar Feu Rouge (2009),2
49.50412,1.99173,Radar fixe (3ème génération 2007),1
49.25610,-0.13250,Radar fixe (3ème génération 2007),1
48.77628,2.03810,Radar Feu Rouge (2009),2
48.83101,2.14807,Radar fixe (3ème génération 2007),1
48.83101,2.14807,Radar fixe (3ème génération 2007),1
48.81291,2.15923,Radar fixe (3ème génération 2007),1
48.81291,2.15923,Radar fixe (3ème génération 2007),1
48.76943,1.94750,Radar Feu Rouge (2009),2
49.88908,2.28103,Radar Feu Rouge (2009),2
48.94230,2.36479,Radar fixe (3ème génération 2007),1
48.71610,0.86283,Radar discriminant poids-lourds (2011),3
48.02330,1.96748,Radar fixe (3ème génération 2007),1
48.50980,0.34322,Radar fixe (3ème génération 2007),1
48.65230,0.76113,Radar fixe (3ème génération 2007),1
48.75650,0.06907,Radar fixe (3ème génération 2007),1
49.90248,2.32242,Radar Feu Rouge (2009),2
49.90870,2.32554,Radar Feu Rouge (2009),2
51.03168,2.34949,Radar Feu Rouge (2009),2
51.03115,2.34970,Radar Feu Rouge (2009),2
48.84540,2.22644,Radar fixe (3ème génération 2007),1
49.25280,2.47741,Radar Feu Rouge (2009),2
49.08563,0.57414,Radar discriminant poids-lourds (2011),3
49.90051,2.29859,Radar Feu Rouge (2009),2
48.77135,1.15903,Radar fixe (3ème génération 2007),1
48.83196,2.25385,Radar Feu Rouge (2009),2
48.83216,2.25248,Radar Feu Rouge (2009),2
48.96726,0.93310,Radar discriminant poids-lourds (2011),3
48.41669,1.53220,Radar fixe (3ème génération 2007),1
51.02368,2.34672,Radar Feu Rouge (2009),2
48.76598,1.90615,Radar fixe (3ème génération 2007),1
48.79240,2.17945,Radar fixe (3ème génération 2007),1
47.94000,2.35592,Radar discriminant poids-lourds (2011),3
47.92990,2.33770,Radar discriminant poids-lourds (2011),3
48.45423,1.44820,Radar discriminant poids-lourds (2011),3
48.16331,2.12705,Radar fixe (3ème génération 2007),1
48.82284,2.25360,Radar fixe (3ème génération 2007),1
48.41631,1.47579,Radar discriminant poids-lourds (2011),3
48.06852,1.23667,Radar fixe (3ème génération 2007),1
48.66607,2.33965,Radar fixe (3ème génération 2007),1
48.26134,0.92317,Radar fixe (3ème génération 2007),1
49.13980,1.18196,Radar fixe (3ème génération 2007),1
49.96030,2.38441,Radar fixe (3ème génération 2007),1
49.03720,1.09389,Radar fixe (3ème génération 2007),1
48.10379,1.88900,Radar discriminant poids-lourds (2011),3
48.45091,1.29416,Radar fixe (3ème génération 2007),1
49.07947,1.93964,Radar tronçon (2012),4
48.52954,1.31745,Radar fixe (3ème génération 2007),1
48.75159,1.45382,Radar discriminant poids-lourds (2011),3
49.86764,2.27874,Radar Feu Rouge (2009),2
48.92142,2.27820,Radar Feu Rouge (2009),2
49.90147,2.33227,Radar Feu Rouge (2009),2
48.18077,1.37477,Radar discriminant poids-lourds (2011),3
51.02790,2.36458,Radar Feu Rouge (2009),2
49.21608,1.59388,Radar fixe (3ème génération 2007),1
50.12790,1.79908,Radar discriminant poids-lourds (2011),3
48.30750,-0.62050,Radar fixe (3ème génération 2007),1
49.05500,0.56962,Radar fixe (3ème génération 2007),1
48.60068,2.48072,Radar Feu Rouge (2009),2
48.50660,1.83550,Radar discriminant poids-lourds (2011),3
48.84665,1.53427,Radar fixe (3ème génération 2007),1
49.94930,1.94260,Radar discriminant poids-lourds (2011),3
49.14740,2.26052,Radar tronçon (2012),4
48.78985,0.32649,Radar fixe (3ème génération 2007),1
48.78006,2.13134,Radar fixe (3ème génération 2007),1
48.60028,2.48059,Radar Feu Rouge (2009),2
48.63180,0.48167,Radar fixe (3ème génération 2007),1
48.79833,1.77125,Radar discriminant poids-lourds (2011),3
48.14954,1.70927,Radar fixe (3ème génération 2007),1
48.80890,2.19792,Radar fixe (3ème génération 2007),1
47.96580,-0.58200,Radar fixe (3ème génération 2007),1
48.80512,2.13347,Radar fixe (3ème génération 2007),1
48.80548,2.13827,Radar fixe (3ème génération 2007),1
49.46221,1.04110,Radar tronçon (2012),4
48.89088,2.20696,Radar fixe (3ème génération 2007),1
48.87501,2.27127,Radar Feu Rouge (2009),2
48.87487,2.27092,Radar Feu Rouge (2009),2
48.88430,2.36114,Radar Feu Rouge (2009),2
48.88400,2.36813,Radar Feu Rouge (2009),2
49.55434,0.43687,Radar fixe (3ème génération 2007),1
49.06020,2.34794,Radar discriminant poids-lourds (2011),3
48.60892,2.33246,Radar discriminant poids-lourds (2011),3
48.60949,2.33424,Radar discriminant poids-lourds (2011),3
48.62569,2.36042,Radar discriminant poids-lourds (2011),3
50.94440,1.82275,Radar Feu Rouge (2009),2
50.94614,1.88857,Radar Feu Rouge (2009),2
48.77814,2.21255,Radar discriminant poids-lourds (2011),3
48.84721,2.40973,Radar fixe (3ème génération 2007),1
48.84712,2.40972,Radar fixe (3ème génération 2007),1
